feature,importance
cat__FLAG_OWN_CAR_Y,0.12811878
cat__EMERGENCYSTATE_MODE_missing,0.044681445
cat__NAME_EDUCATION_TYPE_Secondary / secondary special,0.040526565
cat__WEEKDAY_APPR_PROCESS_START_MONDAY,0.03908917
cat__WEEKDAY_APPR_PROCESS_START_THURSDAY,0.033474516
cat__FLAG_OWN_CAR_N,0.032340955
cat__WEEKDAY_APPR_PROCESS_START_TUESDAY,0.03129263
num__FLAG_DOCUMENT_3,0.03109597
cat__NAME_FAMILY_STATUS_Married,0.030088205
cat__WEEKDAY_APPR_PROCESS_START_FRIDAY,0.029327607
cat__OCCUPATION_TYPE_Laborers,0.027651938
cat__FLAG_OWN_REALTY_N,0.023177335
num__FLAG_PHONE,0.019663123
cat__EMERGENCYSTATE_MODE_No,0.019063814
cat__CODE_GENDER_F,0.019019755
num__OBS_30_CNT_SOCIAL_CIRCLE,0.018867891
cat__OCCUPATION_TYPE_Sales staff,0.018753909
cat__ORGANIZATION_TYPE_Business Entity Type 3,0.018547969
cat__FLAG_OWN_REALTY_Y,0.017718969
cat__NAME_INCOME_TYPE_Working,0.017437963
cat__CODE_GENDER_M,0.017419603
cat__HOUSETYPE_MODE_block of flats,0.017339941
num__BUREAU_AMT_CREDIT_SUM_DEBT_SUM,0.01726931
cat__NAME_EDUCATION_TYPE_Higher education,0.013688208
cat__WEEKDAY_APPR_PROCESS_START_SATURDAY,0.012461119
cat__WEEKDAY_APPR_PROCESS_START_WEDNESDAY,0.011415834
num__PREV_POS_NAME_CONTRACT_STATUS_NUNIQUE_MAX,0.0109507805
cat__OCCUPATION_TYPE_missing,0.00989298
num__PREV_NAME_TYPE_SUITE_NUNIQUE,0.009669836
cat__NAME_TYPE_SUITE_Unaccompanied,0.009153189
num__PREV_NAME_SELLER_INDUSTRY_NUNIQUE,0.008838184
num__REGION_RATING_CLIENT_W_CITY,0.007896308
cat__ORGANIZATION_TYPE_Self-employed,0.007692467
num__BUREAU_AMT_CREDIT_SUM_DEBT_MEAN,0.007390805
num__EXT_SOURCE_2,0.0067824703
num__PREV_NAME_GOODS_CATEGORY_NUNIQUE,0.0061377827
num__PREV_INST_NUM_INSTALMENT_VERSION_MEAN_MAX,0.005777862
num__PREV_CODE_REJECT_REASON_NUNIQUE,0.005630603
num__HAS_BUREAU_HISTORY,0.005538687
cat__OCCUPATION_TYPE_Core staff,0.0051889704
num__FLAG_WORK_PHONE,0.004626249
cat__FONDKAPREMONT_MODE_reg oper account,0.0044314037
num__CNT_CHILDREN,0.0043859873
num__BUREAU_CREDIT_ACTIVE_NUNIQUE,0.004339344
num__AMT_REQ_CREDIT_BUREAU_MON,0.003695702
num__AMT_REQ_CREDIT_BUREAU_QRT,0.003684143
num__BUREAU_CREDIT_TYPE_NUNIQUE,0.0034705808
num__BUREAU_AMT_CREDIT_MAX_OVERDUE_MEAN,0.0032052374
cat__NAME_HOUSING_TYPE_House / apartment,0.0030580023
num__EXT_SOURCE_3,0.0028429776
num__PREV_RATE_DOWN_PAYMENT_MAX,0.0026713319
cat__NAME_CONTRACT_TYPE_Revolving loans,0.002569156
"cat__WALLSMATERIAL_MODE_Stone, brick",0.0023948532
num__PREV_NAME_YIELD_GROUP_NUNIQUE,0.0021581543
cat__OCCUPATION_TYPE_Drivers,0.0021326118
num__PREV_RATE_DOWN_PAYMENT_MIN,0.0020963033
num__PREV_NAME_PAYMENT_TYPE_NUNIQUE,0.0020680784
num__BUREAU_AMT_CREDIT_SUM_DEBT_STD,0.0019889371
num__PREV_POS_SK_DPD_MEAN_MEAN,0.0019389265
num__BUREAU_AMT_CREDIT_SUM_DEBT_MIN,0.0018856224
cat__NAME_INCOME_TYPE_Commercial associate,0.0017471998
num__DEF_30_CNT_SOCIAL_CIRCLE,0.0017015766
num__EXT_SOURCE_1,0.0016141996
num__PREV_HOUR_APPR_PROCESS_START_MAX,0.0016088941
num__BUREAU_DAYS_CREDIT_MIN,0.0015844392
num__PREV_AMT_DOWN_PAYMENT_MAX,0.0015566197
num__PREV_POS_MONTHS_BALANCE_MAX_MAX,0.0014716462
num__BUREAU_AMT_CREDIT_SUM_LIMIT_MAX,0.0014452056
num__PREV_INST_COUNT_MAX,0.0014309357
num__PREV_INST_NUM_INSTALMENT_VERSION_MAX_MAX,0.0014283675
cat__NAME_FAMILY_STATUS_Civil marriage,0.0014129101
num__PREV_NAME_CASH_LOAN_PURPOSE_NUNIQUE,0.0013974103
cat__WEEKDAY_APPR_PROCESS_START_SUNDAY,0.0013935949
num__PREV_POS_SK_DPD_MAX_MAX,0.0012866677
num__PREV_CC_CNT_DRAWINGS_CURRENT_MAX_MAX,0.0011584817
num__AMT_GOODS_PRICE,0.0011509585
num__PREV_POS_CNT_INSTALMENT_MAX_MAX,0.0011390224
num__ENTRANCES_MODE,0.0011032325
num__CNT_FAM_MEMBERS,0.0010558043
num__AMT_CREDIT,0.0010142686
num__REG_CITY_NOT_WORK_CITY,0.0010084804
num__PREV_NAME_PRODUCT_TYPE_NUNIQUE,0.0009962242
cat__NAME_CONTRACT_TYPE_Cash loans,0.00093575515
num__DAYS_EMPLOYED,0.00092674437
num__PREV_CC_AMT_PAYMENT_TOTAL_CURRENT_SUM_MAX,0.0009053966
num__PREV_CC_CNT_DRAWINGS_CURRENT_MAX_MEAN,0.00089587347
num__PREV_POS_CNT_INSTALMENT_FUTURE_MAX_MAX,0.00086756586
num__LIVE_CITY_NOT_WORK_CITY,0.0008034885
num__HOUR_APPR_PROCESS_START,0.0007956379
num__PREV_INST_NUM_INSTALMENT_NUMBER_SUM_MAX,0.00078063924
num__PREV_POS_SK_DPD_DEF_MAX_MAX,0.00076399284
num__PREV_NFLAG_INSURED_ON_APPROVAL_STD,0.0007290921
num__REG_CITY_NOT_LIVE_CITY,0.00069544837
num__FLOORSMAX_MEDI,0.00067794364
num__PREV_INST_AMT_PAYMENT_MIN_MEAN,0.00066564017
num__PREV_POS_SK_DPD_DEF_MEAN_MAX,0.0006415804
num__PREV_CNT_PAYMENT_MAX,0.0006383315
num__AMT_REQ_CREDIT_BUREAU_YEAR,0.0006315663
num__FLOORSMAX_AVG,0.0006162876
cat__NAME_FAMILY_STATUS_Single / not married,0.0005986464
num__BUREAU_AMT_CREDIT_SUM_LIMIT_STD,0.00059688877
num__PREV_POS_SK_DPD_MEAN_MAX,0.0005934664
num__DEF_60_CNT_SOCIAL_CIRCLE,0.0005833053
num__PREV_INST_AMT_PAYMENT_MIN_MAX,0.0005695809
num__PREV_INST_NUM_INSTALMENT_NUMBER_SUM_MEAN,0.00056784163
cat__OCCUPATION_TYPE_High skill tech staff,0.00053411693
num__PREV_INST_AMT_PAYMENT_STD_MAX,0.00053387764
num__OBS_60_CNT_SOCIAL_CIRCLE,0.0005327164
num__PREV_DAYS_DECISION_MIN,0.0005241933
num__PREV_DAYS_FIRST_DRAWING_SUM,0.00051823526
num__ENTRANCES_AVG,0.00051822345
num__PREV_POS_CNT_INSTALMENT_FUTURE_MIN_MEAN,0.0005085415
num__PREV_CC_CNT_DRAWINGS_ATM_CURRENT_MEAN_MEAN,0.00050191587
num__PREV_POS_SK_DPD_DEF_MEAN_MEAN,0.00049880537
num__PREV_INST_DAYS_INSTALMENT_STD_MAX,0.0004973006
num__PREV_POS_SK_DPD_DEF_STD_MAX,0.0004956517
num__PREV_INST_NUM_INSTALMENT_VERSION_MAX_MEAN,0.0004949382
num__BUREAU_AMT_CREDIT_SUM_LIMIT_MEAN,0.0004930183
num__PREV_CC_AMT_DRAWINGS_ATM_CURRENT_SUM_MAX,0.000491009
num__BUREAU_DAYS_CREDIT_UPDATE_MIN,0.0004856839
num__PREV_POS_CNT_INSTALMENT_STD_MAX,0.00048110483
num__PREV_RATE_DOWN_PAYMENT_SUM,0.00047312208
num__PREV_CC_CNT_DRAWINGS_CURRENT_STD_MEAN,0.0004709926
cat__HOUSETYPE_MODE_missing,0.0004537968
num__LIVINGAREA_AVG,0.00044508374
num__PREV_DAYS_LAST_DUE_1ST_VERSION_MAX,0.0004298171
num__BUREAU_AMT_CREDIT_MAX_OVERDUE_SUM,0.00042820282
num__DAYS_ID_PUBLISH,0.0004217189
num__PREV_CNT_PAYMENT_SUM,0.00041964202
cat__ORGANIZATION_TYPE_Construction,0.00041030077
num__ENTRANCES_MEDI,0.00040270574
num__PREV_CC_CNT_DRAWINGS_CURRENT_MEAN_MAX,0.0004009688
num__DAYS_LAST_PHONE_CHANGE,0.00040073108
num__PREV_DAYS_FIRST_DUE_STD,0.0004004653
num__PREV_INST_AMT_PAYMENT_STD_MEAN,0.00038880546
cat__ORGANIZATION_TYPE_School,0.0003871511
num__PREV_CC_AMT_DRAWINGS_ATM_CURRENT_MEAN_MEAN,0.00038421858
num__PREV_POS_CNT_INSTALMENT_FUTURE_MEAN_MEAN,0.00037988933
num__OWN_CAR_AGE,0.000375058
cat__OCCUPATION_TYPE_Accountants,0.00035842095
num__REGION_POPULATION_RELATIVE,0.00035632993
num__FLOORSMAX_MODE,0.00035347653
num__PREV_INST_NUM_INSTALMENT_VERSION_SUM_MAX,0.00035293945
num__PREV_CHANNEL_TYPE_NUNIQUE,0.00035234285
num__PREV_POS_CNT_INSTALMENT_FUTURE_MEAN_MAX,0.0003471001
num__PREV_CC_CNT_DRAWINGS_ATM_CURRENT_MEAN_MAX,0.00034602341
num__PREV_DAYS_FIRST_DUE_MIN,0.00034552254
num__PREV_DAYS_DECISION_MEAN,0.0003405084
num__PREV_CC_SK_DPD_DEF_MEAN_MEAN,0.00034013359
num__PREV_CC_CNT_DRAWINGS_POS_CURRENT_MAX_MAX,0.00033856128
num__PREV_NFLAG_INSURED_ON_APPROVAL_MAX,0.00033771852
num__FLAG_DOCUMENT_6,0.00033206242
num__PREV_INST_AMT_PAYMENT_SUM_MEAN,0.00031993026
num__PREV_DAYS_FIRST_DRAWING_STD,0.00031500094
num__BUREAU_DAYS_ENDDATE_FACT_MAX,0.00031500054
num__DAYS_BIRTH,0.00031340864
num__HAS_PREVIOUS_APPLICATION,0.00030479184
num__BUREAU_AMT_CREDIT_SUM_OVERDUE_SUM,0.00030428363
num__BUREAU_AMT_ANNUITY_STD,0.00030281555
num__BUREAU_DAYS_CREDIT_SUM,0.00030250702
num__LIVINGAREA_MEDI,0.0002972348
cat__ORGANIZATION_TYPE_Transport: type 3,0.00029492384
num__PREV_INST_AMT_PAYMENT_SUM_MAX,0.00029404895
num__PREV_POS_CNT_INSTALMENT_FUTURE_MIN_MAX,0.00029142146
num__LANDAREA_AVG,0.00029140164
num__AMT_ANNUITY,0.00029029188
num__PREV_INST_AMT_INSTALMENT_SUM_MAX,0.00028781872
num__PREV_CC_AMT_RECEIVABLE_PRINCIPAL_STD_MEAN,0.00028716328
num__PREV_INST_NUM_INSTALMENT_VERSION_SUM_MEAN,0.00028541434
num__PREV_POS_CNT_INSTALMENT_MIN_MAX,0.000283726
num__PREV_CC_AMT_RECEIVABLE_PRINCIPAL_MEAN_MAX,0.0002816825
num__PREV_POS_CNT_INSTALMENT_STD_MEAN,0.00028096332
num__PREV_POS_COUNT_MEAN,0.0002804903
cat__NAME_EDUCATION_TYPE_Lower secondary,0.0002744118
num__PREV_CC_AMT_DRAWINGS_OTHER_CURRENT_STD_MAX,0.00027189116
num__YEARS_BEGINEXPLUATATION_AVG,0.00027132095
num__PREV_DAYS_DECISION_STD,0.00026955243
cat__OCCUPATION_TYPE_Low-skill Laborers,0.00026884003
num__YEARS_BEGINEXPLUATATION_MEDI,0.0002680229
num__BUREAU_BB_STATUS_NUNIQUE_MAX,0.00026709106
num__PREV_INST_NUM_INSTALMENT_VERSION_STD_MEAN,0.0002597589
num__PREV_AMT_DOWN_PAYMENT_SUM,0.00025922488
num__BUREAU_DAYS_CREDIT_ENDDATE_MEAN,0.0002557154
num__PREV_INST_DAYS_ENTRY_PAYMENT_SUM_MEAN,0.00025436396
num__PREV_INST_NUM_INSTALMENT_VERSION_STD_MAX,0.0002517042
num__PREV_CC_CNT_DRAWINGS_ATM_CURRENT_STD_MEAN,0.00025080238
num__BUREAU_DAYS_CREDIT_ENDDATE_MAX,0.00025068942
num__BUREAU_AMT_CREDIT_SUM_OVERDUE_STD,0.00024949008
num__BUREAU_DAYS_CREDIT_ENDDATE_SUM,0.00024848757
num__PREV_INST_NUM_INSTALMENT_NUMBER_MAX_MEAN,0.00024751222
num__PREV_INST_DAYS_ENTRY_PAYMENT_MAX_MEAN,0.00024725165
num__PREV_CC_AMT_BALANCE_MIN_MAX,0.000247083
num__LIVINGAREA_MODE,0.00024704993
num__BUREAU_COUNT,0.00023446485
num__PREV_INST_AMT_INSTALMENT_MAX_MAX,0.00022955886
num__PREV_CC_AMT_DRAWINGS_CURRENT_MEAN_MAX,0.00022950849
num__PREV_CNT_PAYMENT_STD,0.00022793909
num__PREV_POS_MONTHS_BALANCE_MIN_MEAN,0.00022439174
num__PREV_POS_MONTHS_BALANCE_SUM_MEAN,0.00022254734
num__BUREAU_DAYS_CREDIT_MAX,0.00022252444
num__BUREAU_BB_MONTHS_BALANCE_MAX_MEAN,0.00022181282
num__PREV_CNT_PAYMENT_MEAN,0.00022167183
num__PREV_INST_NUM_INSTALMENT_NUMBER_STD_MEAN,0.00021792042
num__TOTALAREA_MODE,0.00021770077
num__PREV_POS_COUNT_MAX,0.00021247785
num__BUREAU_DAYS_ENDDATE_FACT_MIN,0.00021085936
num__PREV_CC_AMT_CREDIT_LIMIT_ACTUAL_MEAN_MAX,0.00020785221
num__PREV_INST_AMT_PAYMENT_MEAN_MEAN,0.00020750515
num__PREV_INST_DAYS_INSTALMENT_STD_MEAN,0.00020685383
num__PREV_CC_AMT_BALANCE_MEAN_MAX,0.00020465904
num__PREV_INST_NUM_INSTALMENT_VERSION_MEAN_MEAN,0.00020458015
cat__NAME_HOUSING_TYPE_With parents,0.00020412417
num__PREV_INST_DAYS_ENTRY_PAYMENT_STD_MEAN,0.00020299487
num__PREV_CC_AMT_INST_MIN_REGULARITY_MEAN_MEAN,0.00020234485
num__BUREAU_DAYS_CREDIT_ENDDATE_STD,0.00020079773
num__PREV_POS_SK_DPD_DEF_MAX_MEAN,0.00019996126
num__PREV_AMT_APPLICATION_SUM,0.00019976277
num__PREV_CC_AMT_DRAWINGS_ATM_CURRENT_MEAN_MAX,0.00019974147
num__PREV_POS_CNT_INSTALMENT_FUTURE_STD_MAX,0.0001958524
num__PREV_CC_AMT_INST_MIN_REGULARITY_MEAN_MAX,0.00019564228
num__PREV_CC_CNT_DRAWINGS_CURRENT_MEAN_MEAN,0.00019512023
num__BUREAU_DAYS_CREDIT_UPDATE_MAX,0.0001950758
num__PREV_AMT_DOWN_PAYMENT_MEAN,0.00019365276
num__PREV_POS_SK_DPD_DEF_SUM_MAX,0.00019135057
num__PREV_CC_AMT_CREDIT_LIMIT_ACTUAL_MAX_MEAN,0.0001874177
num__PREV_INST_DAYS_ENTRY_PAYMENT_STD_MAX,0.00018623134
num__PREV_INST_NUM_INSTALMENT_NUMBER_MAX_MAX,0.0001862249
num__PREV_POS_SK_DPD_DEF_STD_MEAN,0.0001841819
num__PREV_CC_SK_DPD_MEAN_MAX,0.0001828008
num__PREV_DAYS_LAST_DUE_SUM,0.00018244187
num__PREV_INST_AMT_INSTALMENT_SUM_MEAN,0.00018161743
num__PREV_POS_SK_DPD_DEF_SUM_MEAN,0.00018110107
num__PREV_INST_NUM_INSTALMENT_NUMBER_MEAN_MAX,0.00018090913
num__BUREAU_BB_COUNT_MAX,0.0001806484
num__BUREAU_AMT_ANNUITY_MEAN,0.00018063691
num__BUREAU_DAYS_CREDIT_MEAN,0.00018044852
num__PREV_CC_CNT_DRAWINGS_CURRENT_STD_MAX,0.00018020338
num__AMT_INCOME_TOTAL,0.00017862763
num__YEARS_BEGINEXPLUATATION_MODE,0.00017685653
num__PREV_INST_DAYS_INSTALMENT_SUM_MEAN,0.00017510618
num__PREV_INST_DAYS_ENTRY_PAYMENT_MEAN_MEAN,0.00017308489
num__BUREAU_AMT_CREDIT_SUM_MAX,0.0001720463
num__BUREAU_BB_MONTHS_BALANCE_MEAN_MEAN,0.00017202497
num__PREV_CC_CNT_DRAWINGS_ATM_CURRENT_SUM_MAX,0.00017185966
num__BUREAU_AMT_CREDIT_SUM_MEAN,0.00017165681
num__PREV_POS_CNT_INSTALMENT_MEAN_MEAN,0.00017104798
num__PREV_CC_AMT_PAYMENT_CURRENT_STD_MEAN,0.00017059967
num__BUREAU_BB_STATUS_NUNIQUE_MEAN,0.00017009683
num__COMMONAREA_AVG,0.0001697374
num__PREV_CC_CNT_DRAWINGS_ATM_CURRENT_STD_MAX,0.0001685094
num__DAYS_REGISTRATION,0.00016799496
num__PREV_INST_NUM_INSTALMENT_NUMBER_STD_MAX,0.00016781263
num__BUREAU_AMT_CREDIT_SUM_OVERDUE_MEAN,0.00016740778
num__PREV_AMT_ANNUITY_MIN,0.00016612222
num__PREV_CC_AMT_CREDIT_LIMIT_ACTUAL_MEAN_MEAN,0.00016607055
num__PREV_INST_AMT_INSTALMENT_MIN_MEAN,0.00016561893
num__BUREAU_AMT_CREDIT_SUM_DEBT_MAX,0.00016422724
num__PREV_AMT_ANNUITY_MEAN,0.00016299603
num__APARTMENTS_AVG,0.00016274487
num__PREV_DAYS_LAST_DUE_MEAN,0.00016128272
num__PREV_CC_AMT_PAYMENT_TOTAL_CURRENT_MAX_MAX,0.00016046473
num__PREV_DAYS_LAST_DUE_STD,0.00015995034
num__PREV_CC_AMT_RECEIVABLE_PRINCIPAL_SUM_MAX,0.00015937624
num__PREV_INST_DAYS_INSTALMENT_MEAN_MEAN,0.00015907378
num__PREV_POS_SK_DPD_SUM_MEAN,0.0001571542
num__PREV_AMT_APPLICATION_MIN,0.00015712329
num__PREV_CC_AMT_INST_MIN_REGULARITY_MAX_MAX,0.00015585482
num__PREV_INST_DAYS_ENTRY_PAYMENT_SUM_MAX,0.00015573653
num__PREV_CC_AMT_RECIVABLE_STD_MEAN,0.00015565538
num__PREV_INST_COUNT_MEAN,0.00015443517
num__PREV_AMT_GOODS_PRICE_MAX,0.0001528102
num__BUREAU_BB_MONTHS_BALANCE_SUM_MAX,0.00015147867
num__BASEMENTAREA_MODE,0.00014964855
num__PREV_CC_SK_DPD_DEF_STD_MAX,0.0001483929
num__PREV_INST_DAYS_ENTRY_PAYMENT_MAX_MAX,0.00014724823
num__PREV_AMT_GOODS_PRICE_MIN,0.00014665413
num__COMMONAREA_MEDI,0.00014660181
cat__ORGANIZATION_TYPE_Telecom,0.00014541065
num__BUREAU_AMT_ANNUITY_SUM,0.00014532651
num__PREV_CC_AMT_DRAWINGS_POS_CURRENT_SUM_MEAN,0.0001444418
num__PREV_AMT_APPLICATION_STD,0.00014292206
num__PREV_INST_DAYS_ENTRY_PAYMENT_MIN_MEAN,0.00014032527
num__PREV_CNT_PAYMENT_MIN,0.00014002487
num__PREV_AMT_ANNUITY_STD,0.00013964837
num__BUREAU_DAYS_CREDIT_UPDATE_MEAN,0.0001380736
num__PREV_NFLAG_INSURED_ON_APPROVAL_MEAN,0.00013788395
num__PREV_DAYS_LAST_DUE_1ST_VERSION_SUM,0.00013443021
num__BUREAU_BB_MONTHS_BALANCE_STD_MEAN,0.00013303815
num__PREV_INST_DAYS_INSTALMENT_MAX_MEAN,0.00013231338
num__PREV_CC_AMT_DRAWINGS_POS_CURRENT_MEAN_MAX,0.00013210032
num__PREV_DAYS_FIRST_DUE_SUM,0.00013109096
num__PREV_NFLAG_INSURED_ON_APPROVAL_MIN,0.0001290288
num__PREV_SELLERPLACE_AREA_MEAN,0.00012878393
num__PREV_CC_AMT_DRAWINGS_CURRENT_STD_MAX,0.00012871547
num__LIVINGAPARTMENTS_AVG,0.00012867921
num__PREV_POS_MONTHS_BALANCE_MEAN_MAX,0.0001277385
num__PREV_POS_CNT_INSTALMENT_FUTURE_STD_MEAN,0.00012726954
num__PREV_NAME_CONTRACT_STATUS_NUNIQUE,0.00012684042
num__BUREAU_DAYS_ENDDATE_FACT_SUM,0.00012678938
cat__ORGANIZATION_TYPE_Realtor,0.00012615106
num__PREV_INST_DAYS_ENTRY_PAYMENT_MIN_MAX,0.00012518061
num__PREV_DAYS_DECISION_MAX,0.0001248682
num__BUREAU_AMT_CREDIT_MAX_OVERDUE_MAX,0.00012452516
num__PREV_CC_AMT_RECEIVABLE_PRINCIPAL_MAX_MEAN,0.00012414723
num__PREV_HOUR_APPR_PROCESS_START_SUM,0.00012411045
num__PREV_INST_DAYS_INSTALMENT_SUM_MAX,0.00012303318
num__PREV_AMT_CREDIT_MEAN,0.000122012985
num__PREV_INST_DAYS_INSTALMENT_MIN_MEAN,0.00012191407
num__BUREAU_BB_COUNT_MEAN,0.000121005694
num__PREV_SELLERPLACE_AREA_SUM,0.000120727585
cat__ORGANIZATION_TYPE_Business Entity Type 1,0.0001206322
num__PREV_CC_AMT_PAYMENT_TOTAL_CURRENT_SUM_MEAN,0.00012062389
cat__NAME_FAMILY_STATUS_Widow,0.00012044116
num__PREV_POS_CNT_INSTALMENT_SUM_MEAN,0.0001202069
num__PREV_CC_AMT_INST_MIN_REGULARITY_STD_MEAN,0.00011956067
num__PREV_DAYS_TERMINATION_SUM,0.00011850387
num__NONLIVINGAPARTMENTS_MODE,0.000116502975
num__PREV_DAYS_TERMINATION_MEAN,0.0001154618
num__BUREAU_DAYS_ENDDATE_FACT_STD,0.000113814844
num__PREV_POS_MONTHS_BALANCE_MIN_MAX,0.00011293425
num__PREV_CC_AMT_PAYMENT_CURRENT_SUM_MAX,0.00011158442
num__PREV_CC_AMT_DRAWINGS_POS_CURRENT_STD_MAX,0.00011151334
num__YEARS_BUILD_MEDI,0.00011043147
num__PREV_POS_CNT_INSTALMENT_SUM_MAX,0.00011020355
num__PREV_CC_AMT_CREDIT_LIMIT_ACTUAL_SUM_MAX,0.00011015668
num__PREV_DAYS_LAST_DUE_1ST_VERSION_MIN,0.00011008123
num__PREV_DAYS_TERMINATION_MIN,0.00010938693
num__PREV_CC_CNT_DRAWINGS_CURRENT_SUM_MEAN,0.000109319866
num__PREV_CC_AMT_DRAWINGS_CURRENT_SUM_MAX,0.00010873379
num__PREV_AMT_CREDIT_SUM,0.00010798405
num__PREV_HOUR_APPR_PROCESS_START_MEAN,0.00010740519
num__PREV_CC_CNT_DRAWINGS_POS_CURRENT_STD_MAX,0.000107078406
num__PREV_INST_AMT_PAYMENT_MAX_MEAN,0.000106708154
num__BUREAU_AMT_ANNUITY_MAX,0.00010621167
num__PREV_POS_CNT_INSTALMENT_FUTURE_SUM_MEAN,0.00010606956
num__PREV_DAYS_LAST_DUE_1ST_VERSION_STD,0.000105663305
num__PREV_INST_AMT_INSTALMENT_STD_MEAN,0.00010515377
num__ELEVATORS_AVG,0.00010372423
num__PREV_POS_MONTHS_BALANCE_SUM_MAX,0.0001035268
num__PREV_INST_DAYS_ENTRY_PAYMENT_MEAN_MAX,0.00010282173
num__PREV_INST_AMT_INSTALMENT_MAX_MEAN,0.00010266143
num__PREV_DAYS_DECISION_SUM,0.00010257747
num__PREV_AMT_DOWN_PAYMENT_STD,0.00010243692
cat__HOUSETYPE_MODE_terraced house,0.00010222651
num__PREV_RATE_DOWN_PAYMENT_STD,9.935631e-05
num__BUREAU_DAYS_ENDDATE_FACT_MEAN,9.93148e-05
num__PREV_CC_AMT_DRAWINGS_CURRENT_MAX_MAX,9.88381e-05
num__BUREAU_DAYS_CREDIT_UPDATE_SUM,9.880118e-05
num__PREV_AMT_CREDIT_MAX,9.8657765e-05
num__PREV_CC_SK_DPD_DEF_MEAN_MAX,9.8438526e-05
num__PREV_INST_DAYS_INSTALMENT_MEAN_MAX,9.710167e-05
num__PREV_SELLERPLACE_AREA_MAX,9.616046e-05
num__PREV_DAYS_LAST_DUE_MAX,9.613863e-05
num__PREV_AMT_ANNUITY_SUM,9.561134e-05
num__PREV_CC_AMT_DRAWINGS_OTHER_CURRENT_SUM_MAX,9.558374e-05
num__PREV_POS_CNT_INSTALMENT_MEAN_MAX,9.41011e-05
num__YEARS_BUILD_AVG,9.340789e-05
num__PREV_POS_NAME_CONTRACT_STATUS_NUNIQUE_MEAN,9.3212075e-05
num__BUREAU_DAYS_CREDIT_ENDDATE_MIN,8.989703e-05
num__REGION_RATING_CLIENT,8.8742374e-05
num__BASEMENTAREA_AVG,8.769745e-05
num__PREV_INST_DAYS_INSTALMENT_MAX_MAX,8.5782944e-05
num__PREV_DAYS_FIRST_DUE_MAX,8.058701e-05
num__PREV_CC_AMT_PAYMENT_CURRENT_MEAN_MEAN,8.040105e-05
num__PREV_CC_MONTHS_BALANCE_STD_MAX,7.9977355e-05
num__PREV_INST_AMT_INSTALMENT_MEAN_MEAN,7.816779e-05
num__PREV_POS_CNT_INSTALMENT_FUTURE_MAX_MEAN,7.762316e-05
"cat__NAME_TYPE_SUITE_Spouse, partner",7.685118e-05
num__PREV_AMT_CREDIT_MIN,7.661769e-05
num__BUREAU_CREDIT_DAY_OVERDUE_STD,7.635457e-05
num__PREV_CC_CNT_DRAWINGS_CURRENT_SUM_MAX,7.445209e-05
num__PREV_HOUR_APPR_PROCESS_START_MIN,7.4112155e-05
num__PREV_AMT_CREDIT_STD,7.364267e-05
num__PREV_CC_AMT_DRAWINGS_ATM_CURRENT_MAX_MAX,7.363574e-05
num__BUREAU_DAYS_CREDIT_STD,6.901693e-05
num__PREV_HOUR_APPR_PROCESS_START_STD,6.2155064e-05
num__PREV_DAYS_FIRST_DUE_MEAN,6.211388e-05
num__PREV_INST_NUM_INSTALMENT_VERSION_MIN_MEAN,6.132004e-05
cat__NAME_INCOME_TYPE_Pensioner,5.5734356e-05
num__PREV_CC_CNT_DRAWINGS_POS_CURRENT_SUM_MAX,4.357577e-05
num__BUREAU_DAYS_CREDIT_UPDATE_STD,4.114982e-05
cat__WALLSMATERIAL_MODE_missing,3.772297e-05
num__BUREAU_AMT_CREDIT_MAX_OVERDUE_STD,2.8676695e-05
num__PREV_DAYS_TERMINATION_STD,2.6406204e-05
num__PREV_CC_CNT_DRAWINGS_ATM_CURRENT_MAX_MAX,2.4505147e-05
num__FLAG_EMP_PHONE,1.7547949e-05
num__PREV_DAYS_LAST_DUE_MIN,1.27379935e-05
cat__ORGANIZATION_TYPE_Business Entity Type 2,8.235283e-06
cat__ORGANIZATION_TYPE_Industry: type 1,0.0
num__PREV_CC_SK_DPD_SUM_MAX,0.0
cat__ORGANIZATION_TYPE_Medicine,0.0
cat__ORGANIZATION_TYPE_Legal Services,0.0
num__BUREAU_AMT_CREDIT_SUM_LIMIT_SUM,0.0
num__BUREAU_AMT_CREDIT_MAX_OVERDUE_MIN,0.0
cat__ORGANIZATION_TYPE_Industry: type 10,0.0
cat__ORGANIZATION_TYPE_Industry: type 11,0.0
cat__ORGANIZATION_TYPE_Industry: type 12,0.0
cat__ORGANIZATION_TYPE_Industry: type 13,0.0
cat__ORGANIZATION_TYPE_Industry: type 2,0.0
cat__ORGANIZATION_TYPE_Industry: type 3,0.0
cat__ORGANIZATION_TYPE_Industry: type 4,0.0
cat__ORGANIZATION_TYPE_Industry: type 5,0.0
cat__ORGANIZATION_TYPE_Industry: type 6,0.0
cat__ORGANIZATION_TYPE_Industry: type 7,0.0
cat__ORGANIZATION_TYPE_Industry: type 8,0.0
cat__ORGANIZATION_TYPE_Industry: type 9,0.0
cat__ORGANIZATION_TYPE_Insurance,0.0
cat__ORGANIZATION_TYPE_Kindergarten,0.0
num__APARTMENTS_MODE,0.0
num__PREV_CC_SK_DPD_SUM_MEAN,0.0
num__PREV_COUNT,0.0
num__PREV_CC_AMT_DRAWINGS_OTHER_CURRENT_SUM_MEAN,0.0
num__PREV_CC_AMT_DRAWINGS_POS_CURRENT_MAX_MAX,0.0
num__PREV_CC_AMT_DRAWINGS_POS_CURRENT_MAX_MEAN,0.0
num__PREV_CC_AMT_DRAWINGS_POS_CURRENT_MEAN_MEAN,0.0
num__PREV_CC_AMT_DRAWINGS_POS_CURRENT_MIN_MAX,0.0
num__PREV_CC_AMT_DRAWINGS_POS_CURRENT_MIN_MEAN,0.0
num__PREV_CC_AMT_DRAWINGS_POS_CURRENT_STD_MEAN,0.0
num__PREV_CC_AMT_DRAWINGS_POS_CURRENT_SUM_MAX,0.0
num__PREV_CC_AMT_INST_MIN_REGULARITY_MAX_MEAN,0.0
num__PREV_CC_AMT_INST_MIN_REGULARITY_MIN_MAX,0.0
num__PREV_DAYS_FIRST_DRAWING_MAX,0.0
num__PREV_DAYS_FIRST_DRAWING_MEAN,0.0
num__PREV_DAYS_FIRST_DRAWING_MIN,0.0
num__PREV_CC_MONTHS_BALANCE_MAX_MAX,0.0
num__PREV_CC_MONTHS_BALANCE_MAX_MEAN,0.0
num__PREV_CC_MONTHS_BALANCE_MEAN_MAX,0.0
num__PREV_CC_MONTHS_BALANCE_MEAN_MEAN,0.0
num__PREV_CC_MONTHS_BALANCE_MIN_MAX,0.0
num__PREV_CC_MONTHS_BALANCE_MIN_MEAN,0.0
num__PREV_CC_MONTHS_BALANCE_STD_MEAN,0.0
num__PREV_CC_MONTHS_BALANCE_SUM_MAX,0.0
num__PREV_CC_MONTHS_BALANCE_SUM_MEAN,0.0
num__PREV_CC_NAME_CONTRACT_STATUS_NUNIQUE_MAX,0.0
num__PREV_CC_NAME_CONTRACT_STATUS_NUNIQUE_MEAN,0.0
num__PREV_CC_SK_DPD_DEF_MAX_MAX,0.0
num__PREV_CC_SK_DPD_DEF_MAX_MEAN,0.0
num__PREV_DAYS_LAST_DUE_1ST_VERSION_MEAN,0.0
num__PREV_DAYS_TERMINATION_MAX,0.0
num__PREV_FLAG_LAST_APPL_PER_CONTRACT_NUNIQUE,0.0
num__PREV_INST_AMT_INSTALMENT_MEAN_MAX,0.0
num__PREV_INST_AMT_INSTALMENT_MIN_MAX,0.0
num__PREV_INST_AMT_INSTALMENT_STD_MAX,0.0
num__PREV_INST_AMT_PAYMENT_MAX_MAX,0.0
num__PREV_INST_AMT_PAYMENT_MEAN_MAX,0.0
num__PREV_CC_AMT_DRAWINGS_CURRENT_MAX_MEAN,0.0
num__PREV_CC_AMT_DRAWINGS_CURRENT_MEAN_MEAN,0.0
num__PREV_CC_CNT_DRAWINGS_POS_CURRENT_STD_MEAN,0.0
num__PREV_CC_CNT_DRAWINGS_POS_CURRENT_SUM_MEAN,0.0
num__PREV_CC_CNT_INSTALMENT_MATURE_CUM_MAX_MAX,0.0
num__PREV_CC_CNT_INSTALMENT_MATURE_CUM_MAX_MEAN,0.0
num__PREV_CC_CNT_INSTALMENT_MATURE_CUM_MEAN_MAX,0.0
num__PREV_CC_CNT_INSTALMENT_MATURE_CUM_MEAN_MEAN,0.0
num__PREV_CC_CNT_INSTALMENT_MATURE_CUM_MIN_MAX,0.0
num__PREV_CC_CNT_INSTALMENT_MATURE_CUM_MIN_MEAN,0.0
num__PREV_CC_CNT_INSTALMENT_MATURE_CUM_STD_MAX,0.0
num__PREV_CC_CNT_INSTALMENT_MATURE_CUM_STD_MEAN,0.0
num__PREV_CC_CNT_INSTALMENT_MATURE_CUM_SUM_MAX,0.0
num__PREV_CC_CNT_INSTALMENT_MATURE_CUM_SUM_MEAN,0.0
num__PREV_CC_COUNT_MAX,0.0
num__PREV_CC_COUNT_MEAN,0.0
num__PREV_CC_AMT_DRAWINGS_CURRENT_MIN_MAX,0.0
num__PREV_CC_AMT_DRAWINGS_CURRENT_MIN_MEAN,0.0
num__PREV_CC_AMT_DRAWINGS_CURRENT_STD_MEAN,0.0
num__PREV_CC_AMT_DRAWINGS_CURRENT_SUM_MEAN,0.0
num__PREV_CC_AMT_DRAWINGS_OTHER_CURRENT_MAX_MAX,0.0
num__PREV_CC_AMT_DRAWINGS_OTHER_CURRENT_MAX_MEAN,0.0
num__PREV_CC_AMT_DRAWINGS_OTHER_CURRENT_MEAN_MAX,0.0
num__PREV_CC_AMT_DRAWINGS_OTHER_CURRENT_MEAN_MEAN,0.0
num__PREV_CC_AMT_DRAWINGS_OTHER_CURRENT_STD_MEAN,0.0
num__PREV_INST_DAYS_INSTALMENT_MIN_MAX,0.0
num__PREV_INST_NUM_INSTALMENT_NUMBER_MEAN_MEAN,0.0
num__PREV_CC_AMT_CREDIT_LIMIT_ACTUAL_MIN_MEAN,0.0
num__PREV_CC_AMT_CREDIT_LIMIT_ACTUAL_STD_MAX,0.0
num__PREV_CC_AMT_CREDIT_LIMIT_ACTUAL_STD_MEAN,0.0
num__PREV_CC_AMT_CREDIT_LIMIT_ACTUAL_SUM_MEAN,0.0
num__PREV_CC_AMT_DRAWINGS_ATM_CURRENT_MAX_MEAN,0.0
num__PREV_CC_AMT_DRAWINGS_ATM_CURRENT_MIN_MAX,0.0
num__PREV_CC_AMT_DRAWINGS_ATM_CURRENT_MIN_MEAN,0.0
num__PREV_CC_AMT_DRAWINGS_ATM_CURRENT_STD_MAX,0.0
num__PREV_CC_AMT_DRAWINGS_ATM_CURRENT_STD_MEAN,0.0
num__PREV_CC_AMT_DRAWINGS_ATM_CURRENT_SUM_MEAN,0.0
num__PREV_INST_NUM_INSTALMENT_VERSION_MIN_MAX,0.0
num__PREV_NAME_CLIENT_TYPE_NUNIQUE,0.0
num__PREV_AMT_GOODS_PRICE_SUM,0.0
num__PREV_CC_AMT_BALANCE_MAX_MAX,0.0
num__PREV_CC_CNT_DRAWINGS_CURRENT_MIN_MEAN,0.0
num__PREV_CC_CNT_DRAWINGS_OTHER_CURRENT_MAX_MAX,0.0
num__PREV_CC_CNT_DRAWINGS_OTHER_CURRENT_MAX_MEAN,0.0
num__PREV_CC_CNT_DRAWINGS_OTHER_CURRENT_MEAN_MAX,0.0
num__PREV_CC_CNT_DRAWINGS_OTHER_CURRENT_MEAN_MEAN,0.0
num__PREV_CC_CNT_DRAWINGS_OTHER_CURRENT_STD_MAX,0.0
num__PREV_CC_CNT_DRAWINGS_OTHER_CURRENT_STD_MEAN,0.0
num__PREV_CC_CNT_DRAWINGS_OTHER_CURRENT_SUM_MAX,0.0
num__PREV_CC_CNT_DRAWINGS_OTHER_CURRENT_SUM_MEAN,0.0
num__PREV_CC_CNT_DRAWINGS_POS_CURRENT_MAX_MEAN,0.0
num__PREV_CC_CNT_DRAWINGS_POS_CURRENT_MEAN_MAX,0.0
num__PREV_CC_CNT_DRAWINGS_POS_CURRENT_MEAN_MEAN,0.0
num__PREV_CC_CNT_DRAWINGS_POS_CURRENT_MIN_MAX,0.0
num__PREV_CC_CNT_DRAWINGS_POS_CURRENT_MIN_MEAN,0.0
num__PREV_CC_AMT_BALANCE_MAX_MEAN,0.0
num__PREV_CC_AMT_BALANCE_MEAN_MEAN,0.0
num__PREV_CC_AMT_BALANCE_MIN_MEAN,0.0
num__PREV_CC_AMT_BALANCE_STD_MAX,0.0
num__PREV_CC_AMT_BALANCE_STD_MEAN,0.0
num__PREV_CC_AMT_BALANCE_SUM_MAX,0.0
num__PREV_CC_AMT_BALANCE_SUM_MEAN,0.0
num__PREV_CC_AMT_CREDIT_LIMIT_ACTUAL_MAX_MAX,0.0
num__PREV_CC_AMT_CREDIT_LIMIT_ACTUAL_MIN_MAX,0.0
num__PREV_NAME_CONTRACT_TYPE_NUNIQUE,0.0
num__PREV_NAME_PORTFOLIO_NUNIQUE,0.0
num__PREV_NFLAG_INSURED_ON_APPROVAL_SUM,0.0
num__PREV_NFLAG_LAST_APPL_IN_DAY_MEAN,0.0
num__PREV_NFLAG_LAST_APPL_IN_DAY_MIN,0.0
num__PREV_NFLAG_LAST_APPL_IN_DAY_STD,0.0
num__PREV_AMT_DOWN_PAYMENT_MIN,0.0
num__PREV_AMT_GOODS_PRICE_MEAN,0.0
num__PREV_AMT_GOODS_PRICE_STD,0.0
num__PREV_NFLAG_LAST_APPL_IN_DAY_SUM,0.0
num__PREV_CC_AMT_INST_MIN_REGULARITY_SUM_MAX,0.0
num__PREV_CC_AMT_INST_MIN_REGULARITY_SUM_MEAN,0.0
num__PREV_CC_AMT_PAYMENT_CURRENT_MAX_MAX,0.0
num__PREV_CC_AMT_PAYMENT_CURRENT_MAX_MEAN,0.0
num__PREV_CC_AMT_PAYMENT_CURRENT_MEAN_MAX,0.0
num__PREV_CC_AMT_PAYMENT_CURRENT_MIN_MAX,0.0
num__PREV_CC_AMT_PAYMENT_CURRENT_MIN_MEAN,0.0
num__PREV_CC_AMT_PAYMENT_CURRENT_STD_MAX,0.0
num__PREV_CC_AMT_PAYMENT_CURRENT_SUM_MEAN,0.0
num__PREV_CC_CNT_DRAWINGS_ATM_CURRENT_SUM_MEAN,0.0
num__PREV_CC_CNT_DRAWINGS_CURRENT_MIN_MAX,0.0
num__PREV_POS_CNT_INSTALMENT_FUTURE_SUM_MAX,0.0
num__PREV_POS_CNT_INSTALMENT_MAX_MEAN,0.0
num__PREV_POS_CNT_INSTALMENT_MIN_MEAN,0.0
num__PREV_POS_MONTHS_BALANCE_MAX_MEAN,0.0
num__PREV_POS_MONTHS_BALANCE_MEAN_MEAN,0.0
num__PREV_POS_MONTHS_BALANCE_STD_MAX,0.0
num__PREV_POS_MONTHS_BALANCE_STD_MEAN,0.0
num__PREV_CC_AMT_TOTAL_RECEIVABLE_MEAN_MAX,0.0
num__PREV_CC_AMT_TOTAL_RECEIVABLE_MEAN_MEAN,0.0
num__PREV_CC_AMT_TOTAL_RECEIVABLE_MIN_MAX,0.0
num__PREV_CC_AMT_TOTAL_RECEIVABLE_MIN_MEAN,0.0
num__PREV_CC_AMT_TOTAL_RECEIVABLE_STD_MAX,0.0
num__PREV_CC_AMT_TOTAL_RECEIVABLE_STD_MEAN,0.0
num__PREV_CC_AMT_TOTAL_RECEIVABLE_SUM_MAX,0.0
num__PREV_CC_AMT_TOTAL_RECEIVABLE_SUM_MEAN,0.0
cat__ORGANIZATION_TYPE_Transport: type 4,0.0
num__PREV_CC_CNT_DRAWINGS_ATM_CURRENT_MAX_MEAN,0.0
num__PREV_CC_CNT_DRAWINGS_ATM_CURRENT_MIN_MAX,0.0
num__PREV_CC_CNT_DRAWINGS_ATM_CURRENT_MIN_MEAN,0.0
num__PREV_CC_AMT_INST_MIN_REGULARITY_MIN_MEAN,0.0
num__PREV_CC_AMT_INST_MIN_REGULARITY_STD_MAX,0.0
num__NONLIVINGAPARTMENTS_MEDI,0.0
num__NONLIVINGAREA_AVG,0.0
num__NONLIVINGAREA_MEDI,0.0
num__NONLIVINGAREA_MODE,0.0
num__PREV_AMT_ANNUITY_MAX,0.0
num__PREV_AMT_APPLICATION_MAX,0.0
num__PREV_AMT_APPLICATION_MEAN,0.0
num__PREV_POS_SK_DPD_MAX_MEAN,0.0
num__PREV_POS_SK_DPD_STD_MAX,0.0
num__FLOORSMIN_AVG,0.0
num__FLOORSMIN_MEDI,0.0
num__FLOORSMIN_MODE,0.0
num__LANDAREA_MEDI,0.0
num__LANDAREA_MODE,0.0
num__LIVE_REGION_NOT_WORK_REGION,0.0
num__LIVINGAPARTMENTS_MEDI,0.0
num__LIVINGAPARTMENTS_MODE,0.0
num__NONLIVINGAPARTMENTS_AVG,0.0
num__PREV_POS_SK_DPD_STD_MEAN,0.0
num__PREV_POS_SK_DPD_SUM_MAX,0.0
num__PREV_PRODUCT_COMBINATION_NUNIQUE,0.0
num__PREV_RATE_DOWN_PAYMENT_MEAN,0.0
num__PREV_RATE_INTEREST_PRIMARY_SUM,0.0
num__PREV_RATE_INTEREST_PRIVILEGED_SUM,0.0
num__PREV_SELLERPLACE_AREA_MIN,0.0
num__PREV_SELLERPLACE_AREA_STD,0.0
num__FLAG_DOCUMENT_16,0.0
num__FLAG_DOCUMENT_18,0.0
num__FLAG_DOCUMENT_5,0.0
num__FLAG_DOCUMENT_8,0.0
num__FLAG_EMAIL,0.0
cat__ORGANIZATION_TYPE_University,0.0
num__PREV_WEEKDAY_APPR_PROCESS_START_NUNIQUE,0.0
num__REG_REGION_NOT_LIVE_REGION,0.0
num__PREV_CC_AMT_RECEIVABLE_PRINCIPAL_MIN_MEAN,0.0
num__PREV_CC_AMT_RECEIVABLE_PRINCIPAL_STD_MAX,0.0
num__PREV_CC_AMT_RECEIVABLE_PRINCIPAL_SUM_MEAN,0.0
num__PREV_CC_AMT_RECIVABLE_MAX_MAX,0.0
num__PREV_CC_AMT_RECIVABLE_MAX_MEAN,0.0
num__PREV_CC_AMT_RECIVABLE_MEAN_MAX,0.0
num__PREV_CC_AMT_RECIVABLE_MEAN_MEAN,0.0
num__PREV_CC_AMT_RECIVABLE_MIN_MAX,0.0
num__PREV_CC_AMT_RECIVABLE_MIN_MEAN,0.0
num__PREV_CC_AMT_RECIVABLE_STD_MAX,0.0
num__PREV_CC_AMT_RECIVABLE_SUM_MAX,0.0
num__PREV_CC_AMT_RECIVABLE_SUM_MEAN,0.0
num__PREV_CC_AMT_TOTAL_RECEIVABLE_MAX_MAX,0.0
num__PREV_CC_AMT_TOTAL_RECEIVABLE_MAX_MEAN,0.0
num__REG_REGION_NOT_WORK_REGION,0.0
num__YEARS_BUILD_MODE,0.0
num__COMMONAREA_MODE,0.0
num__ELEVATORS_MEDI,0.0
num__ELEVATORS_MODE,0.0
cat__ORGANIZATION_TYPE_XNA,0.0
cat__WALLSMATERIAL_MODE_Block,0.0
cat__CODE_GENDER_XNA,0.0
cat__EMERGENCYSTATE_MODE_Yes,0.0
cat__FONDKAPREMONT_MODE_missing,0.0
cat__FONDKAPREMONT_MODE_not specified,0.0
cat__FONDKAPREMONT_MODE_org spec account,0.0
cat__FONDKAPREMONT_MODE_reg oper spec account,0.0
num__BUREAU_CNT_CREDIT_PROLONG_MEAN,0.0
num__BUREAU_CNT_CREDIT_PROLONG_STD,0.0
num__BUREAU_CNT_CREDIT_PROLONG_SUM,0.0
num__BUREAU_CREDIT_DAY_OVERDUE_MAX,0.0
num__BUREAU_CREDIT_DAY_OVERDUE_MEAN,0.0
cat__WALLSMATERIAL_MODE_Mixed,0.0
num__BUREAU_CREDIT_DAY_OVERDUE_SUM,0.0
cat__HOUSETYPE_MODE_specific housing,0.0
cat__NAME_EDUCATION_TYPE_Academic degree,0.0
cat__NAME_EDUCATION_TYPE_Incomplete higher,0.0
cat__NAME_FAMILY_STATUS_Separated,0.0
cat__NAME_FAMILY_STATUS_Unknown,0.0
cat__NAME_HOUSING_TYPE_Co-op apartment,0.0
cat__NAME_HOUSING_TYPE_Municipal apartment,0.0
cat__NAME_HOUSING_TYPE_Office apartment,0.0
cat__NAME_HOUSING_TYPE_Rented apartment,0.0
cat__NAME_INCOME_TYPE_Businessman,0.0
cat__WALLSMATERIAL_MODE_Monolithic,0.0
cat__ORGANIZATION_TYPE_Police,0.0
cat__NAME_INCOME_TYPE_State servant,0.0
cat__NAME_INCOME_TYPE_Student,0.0
cat__NAME_INCOME_TYPE_Unemployed,0.0
cat__NAME_TYPE_SUITE_Children,0.0
num__BUREAU_BB_MONTHS_BALANCE_MAX_MAX,0.0
num__BUREAU_BB_MONTHS_BALANCE_MEAN_MAX,0.0
num__BUREAU_BB_MONTHS_BALANCE_MIN_MAX,0.0
num__BUREAU_BB_MONTHS_BALANCE_MIN_MEAN,0.0
num__BUREAU_BB_MONTHS_BALANCE_STD_MAX,0.0
num__BUREAU_BB_MONTHS_BALANCE_SUM_MEAN,0.0
num__BUREAU_CNT_CREDIT_PROLONG_MAX,0.0
cat__NAME_TYPE_SUITE_Family,0.0
cat__NAME_TYPE_SUITE_Group of people,0.0
cat__NAME_TYPE_SUITE_Other_A,0.0
cat__NAME_TYPE_SUITE_Other_B,0.0
cat__ORGANIZATION_TYPE_Postal,0.0
cat__NAME_TYPE_SUITE_missing,0.0
cat__OCCUPATION_TYPE_Cleaning staff,0.0
cat__OCCUPATION_TYPE_Cooking staff,0.0
cat__OCCUPATION_TYPE_HR staff,0.0
cat__OCCUPATION_TYPE_IT staff,0.0
cat__OCCUPATION_TYPE_Managers,0.0
cat__OCCUPATION_TYPE_Medicine staff,0.0
cat__OCCUPATION_TYPE_Private service staff,0.0
cat__OCCUPATION_TYPE_Realty agents,0.0
cat__OCCUPATION_TYPE_Secretaries,0.0
cat__OCCUPATION_TYPE_Security staff,0.0
cat__OCCUPATION_TYPE_Waiters/barmen staff,0.0
cat__WALLSMATERIAL_MODE_Others,0.0
cat__WALLSMATERIAL_MODE_Panel,0.0
cat__WALLSMATERIAL_MODE_Wooden,0.0
cat__ORGANIZATION_TYPE_Religion,0.0
num__PREV_CC_AMT_PAYMENT_TOTAL_CURRENT_MAX_MEAN,0.0
num__PREV_CC_AMT_PAYMENT_TOTAL_CURRENT_MEAN_MAX,0.0
num__PREV_CC_AMT_PAYMENT_TOTAL_CURRENT_MEAN_MEAN,0.0
num__PREV_CC_AMT_PAYMENT_TOTAL_CURRENT_MIN_MAX,0.0
num__PREV_CC_AMT_PAYMENT_TOTAL_CURRENT_MIN_MEAN,0.0
num__PREV_CC_AMT_PAYMENT_TOTAL_CURRENT_STD_MAX,0.0
num__PREV_CC_AMT_PAYMENT_TOTAL_CURRENT_STD_MEAN,0.0
num__PREV_CC_AMT_RECEIVABLE_PRINCIPAL_MAX_MAX,0.0
num__PREV_CC_AMT_RECEIVABLE_PRINCIPAL_MEAN_MEAN,0.0
cat__NAME_INCOME_TYPE_Maternity leave,0.0
cat__ORGANIZATION_TYPE_Advertising,0.0
cat__ORGANIZATION_TYPE_Agriculture,0.0
cat__ORGANIZATION_TYPE_Bank,0.0
num__BUREAU_AMT_CREDIT_SUM_LIMIT_MIN,0.0
cat__ORGANIZATION_TYPE_Cleaning,0.0
cat__ORGANIZATION_TYPE_Culture,0.0
cat__ORGANIZATION_TYPE_Electricity,0.0
cat__ORGANIZATION_TYPE_Emergency,0.0
cat__ORGANIZATION_TYPE_Government,0.0
cat__ORGANIZATION_TYPE_Hotel,0.0
cat__ORGANIZATION_TYPE_Housing,0.0
num__AMT_REQ_CREDIT_BUREAU_DAY,0.0
cat__ORGANIZATION_TYPE_Military,0.0
cat__ORGANIZATION_TYPE_Mobile,0.0
cat__ORGANIZATION_TYPE_Other,0.0
cat__ORGANIZATION_TYPE_Trade: type 1,0.0
cat__ORGANIZATION_TYPE_Trade: type 2,0.0
cat__ORGANIZATION_TYPE_Trade: type 3,0.0
cat__ORGANIZATION_TYPE_Trade: type 4,0.0
cat__ORGANIZATION_TYPE_Trade: type 5,0.0
cat__ORGANIZATION_TYPE_Trade: type 6,0.0
cat__ORGANIZATION_TYPE_Trade: type 7,0.0
cat__ORGANIZATION_TYPE_Transport: type 1,0.0
cat__ORGANIZATION_TYPE_Transport: type 2,0.0
num__AMT_REQ_CREDIT_BUREAU_WEEK,0.0
num__AMT_REQ_CREDIT_BUREAU_HOUR,0.0
num__BUREAU_AMT_ANNUITY_MIN,0.0
num__BASEMENTAREA_MEDI,0.0
num__BUREAU_AMT_CREDIT_SUM_OVERDUE_MAX,0.0
cat__ORGANIZATION_TYPE_Restaurant,0.0
cat__ORGANIZATION_TYPE_Security,0.0
cat__ORGANIZATION_TYPE_Security Ministries,0.0
cat__ORGANIZATION_TYPE_Services,0.0
num__APARTMENTS_MEDI,0.0
num__PREV_CC_SK_DPD_DEF_STD_MEAN,0.0
num__PREV_CC_SK_DPD_DEF_SUM_MAX,0.0
num__PREV_CC_SK_DPD_DEF_SUM_MEAN,0.0
num__PREV_CC_SK_DPD_MAX_MAX,0.0
num__PREV_CC_SK_DPD_MAX_MEAN,0.0
num__PREV_CC_SK_DPD_MEAN_MEAN,0.0
num__PREV_CC_SK_DPD_STD_MAX,0.0
num__PREV_CC_SK_DPD_STD_MEAN,0.0
num__PREV_CC_AMT_RECEIVABLE_PRINCIPAL_MIN_MAX,0.0
