model,threshold,TN,FP,FN,TP,recall,precision,f1,total_cost
LogisticRegression,0.01,121,226027,4,19856,0.9997985901309164,0.08075385447550258,0.14943761453735377,226067
LogisticRegression,0.02,298,225850,5,19855,0.9997482376636455,0.08080828635965893,0.14953024683222563,225900
LogisticRegression,0.03,655,225493,6,19854,0.9996978851963746,0.0809221225448039,0.14972455478173652,225553
LogisticRegression,0.04,1256,224892,10,19850,0.999496475327291,0.08110581755481282,0.150036658830999,224992
LogisticRegression,0.05,2211,223937,20,19840,0.998992950654582,0.08138585674612453,0.1505099815276308,224137
LogisticRegression,0.060000000000000005,3593,222555,34,19826,0.9982880161127895,0.08179684051142623,0.15120442646268129,222895
LogisticRegression,0.06999999999999999,5181,220967,55,19805,0.9972306143001007,0.08225624242021498,0.1519767334786212,221517
LogisticRegression,0.08,7274,218874,72,19788,0.9963746223564954,0.08291223571410614,0.15308561747162716,219594
LogisticRegression,0.09,9584,216564,107,19753,0.9946122860020141,0.08358687694918267,0.1542136881921484,217634
LogisticRegression,0.09999999999999999,12171,213977,136,19724,0.9931520644511581,0.08439844074265836,0.1555759758006949,215337
LogisticRegression,0.11,15124,211024,185,19675,0.9906847935548841,0.08528428818503765,0.15704883879645112,212874
LogisticRegression,0.12,18222,207926,214,19646,0.9892245720040282,0.08632872233842476,0.15879918523068964,210066
LogisticRegression,0.13,21600,204548,261,19599,0.9868580060422961,0.08743815442544402,0.16064293237489088,207158
LogisticRegression,0.14,25102,201046,302,19558,0.9847935548841893,0.08865659734184331,0.1626688402421984,204066
LogisticRegression,0.15000000000000002,28705,197443,351,19509,0.9823262839879154,0.08992311663409418,0.16476360995219838,200953
LogisticRegression,0.16,32437,193711,421,19439,0.9788016112789527,0.09119868637110017,0.16685120810265655,197921
LogisticRegression,0.17,36354,189794,490,19370,0.9753272910372608,0.09260675833317397,0.16915257789576638,194694
LogisticRegression,0.18000000000000002,40365,185783,561,19299,0.9717522658610271,0.09410382188587979,0.17159089898729452,191393
LogisticRegression,0.19,44384,181764,637,19223,0.9679254783484391,0.09564300178618518,0.1740843208193908,188134
LogisticRegression,0.2,48472,177676,723,19137,0.963595166163142,0.09723443065244673,0.17664406732726273,184906
LogisticRegression,0.21000000000000002,52742,173406,815,19045,0.9589627391742196,0.09896025481810955,0.17940662518663658,181556
LogisticRegression,0.22,56997,169151,900,18960,0.9546827794561934,0.10079155392294975,0.1823331137514365,178151
LogisticRegression,0.23,61157,164991,1009,18851,0.9491943605236657,0.10253913686752755,0.1850840934305996,175081
LogisticRegression,0.24000000000000002,65359,160789,1123,18737,0.9434541792547835,0.10436928355781336,0.18794699728165468,172019
LogisticRegression,0.25,69650,156498,1236,18624,0.9377643504531722,0.10634871689450782,0.1910330184324707,168858
LogisticRegression,0.26,73904,152244,1372,18488,0.9309164149043303,0.10828667150856312,0.19400604432505036,165964
LogisticRegression,0.27,78104,148044,1515,18345,0.9237160120845922,0.11025368263527036,0.1969943462783693,163194
LogisticRegression,0.28,82150,143998,1629,18231,0.91797583081571,0.11237818145954176,0.200242738441092,160288
LogisticRegression,0.29000000000000004,86217,139931,1779,18081,0.9104229607250756,0.11442801812520569,0.2033034991454529,157721
LogisticRegression,0.3,90293,135855,1943,17917,0.9021651560926486,0.11651666103061675,0.20637900847769997,155285
LogisticRegression,0.31,94329,131819,2105,17755,0.8940080563947633,0.11870378541725166,0.20958013149662996,152869
LogisticRegression,0.32,98311,127837,2268,17592,0.8858006042296073,0.12096624469672486,0.2128635299384714,150517
LogisticRegression,0.33,102287,123861,2424,17436,0.8779456193353474,0.12339964755090342,0.2163852640592714,148101
LogisticRegression,0.34,106156,119992,2604,17256,0.8688821752265861,0.12572860806714853,0.21967054510273187,146032
LogisticRegression,0.35000000000000003,109987,116161,2776,17084,0.860221550855992,0.12821494239933956,0.22316710754057673,143921
LogisticRegression,0.36000000000000004,113791,112357,2936,16924,0.8521651560926485,0.13090864086756754,0.226953017614204,141717
LogisticRegression,0.37,117534,108614,3120,16740,0.8429003021148036,0.13354180959522632,0.23055628245210516,139814
LogisticRegression,0.38,121296,104852,3310,16550,0.8333333333333334,0.13632394853462051,0.23431637666180571,137952
LogisticRegression,0.39,124835,101313,3492,16368,0.8241691842900302,0.13908787314859664,0.23800903003468057,136233
LogisticRegression,0.4,128376,97772,3678,16182,0.8148036253776435,0.14200466855046773,0.2418581015439341,134552
LogisticRegression,0.41000000000000003,131807,94341,3889,15971,0.8041792547834844,0.14478025962723912,0.24538303168116032,133231
LogisticRegression,0.42000000000000004,135215,90933,4120,15740,0.7925478348439073,0.14755373899674706,0.24878885350066782,132133
LogisticRegression,0.43,138548,87600,4335,15525,0.7817220543806647,0.15054545454545454,0.2524698133918771,130950
LogisticRegression,0.44,141943,84205,4576,15284,0.7695871097683786,0.15362502387198584,0.2561227995207333,129965
LogisticRegression,0.45,145136,81012,4808,15052,0.7579053373615308,0.15668720852764823,0.2596873813878058,129092
LogisticRegression,0.46,148321,77827,5043,14817,0.7460725075528701,0.15993480419671,0.26340396785892056,128257
LogisticRegression,0.47000000000000003,151406,74742,5273,14587,0.734491440080564,0.1632952344703288,0.2671880867120314,127472
LogisticRegression,0.48000000000000004,154503,71645,5497,14363,0.7232124874118832,0.16699609338666171,0.2713378924698681,126615
LogisticRegression,0.49,157405,68743,5766,14094,0.7096676737160121,0.17014136195178484,0.2744773459789478,126403
LogisticRegression,0.5,160241,65907,6009,13851,0.6974320241691843,0.17366283006093433,0.2780822742877793,125997
LogisticRegression,0.51,163078,63070,6258,13602,0.6848942598187311,0.17740505008347246,0.2818132847138773,125650
LogisticRegression,0.52,165939,60209,6535,13325,0.6709466263846928,0.18120869257758315,0.28535023663190356,125559
LogisticRegression,0.53,168566,57582,6813,13047,0.6569486404833836,0.18472582083846578,0.2883665417896098,125712
LogisticRegression,0.54,171270,54878,7102,12758,0.6423967774420947,0.18862735821160329,0.2916247599890281,125898
LogisticRegression,0.55,173815,52333,7377,12483,0.6285498489425981,0.19259133547272278,0.2948415135339411,126103
LogisticRegression,0.56,176264,49884,7679,12181,0.6133434038267875,0.1962619834044953,0.29736954531583765,126674
LogisticRegression,0.5700000000000001,178697,47451,7982,11878,0.5980866062437059,0.20020563299566824,0.29999116038843776,127271
LogisticRegression,0.5800000000000001,181075,45073,8291,11569,0.582527693856999,0.20424773136541788,0.3024496091605448,127983
LogisticRegression,0.59,183398,42750,8614,11246,0.5662638469284995,0.20827468701385288,0.30453856152513,128890
LogisticRegression,0.6,185714,40434,8917,10943,0.5510070493454179,0.2129941413472955,0.30722798545699564,129604
LogisticRegression,0.61,187923,38225,9223,10637,0.5355991943605236,0.21769473210265647,0.3095660778207852,130455
LogisticRegression,0.62,190104,36044,9506,10354,0.52134944612286,0.22315617052459158,0.31253584472818374,131104
LogisticRegression,0.63,192165,33983,9853,10007,0.5038771399798591,0.22748351898158672,0.31345340642129993,132513
LogisticRegression,0.64,194195,31953,10170,9690,0.4879154078549849,0.23269216915207838,0.31510658016682114,133653
LogisticRegression,0.65,196158,29990,10480,9380,0.47230614300100704,0.23825247650495301,0.31673138612189766,134790
LogisticRegression,0.66,197959,28189,10794,9066,0.4564954682779456,0.24334988592135284,0.31746476407248536,136129
LogisticRegression,0.67,199772,26376,11136,8724,0.43927492447129907,0.24854700854700854,0.3174672489082969,137736
LogisticRegression,0.68,201608,24540,11473,8387,0.42230614300100705,0.25471497555197864,0.3177676321821661,139270
LogisticRegression,0.6900000000000001,203357,22791,11848,8012,0.40342396777442097,0.2601045352725384,0.31628604701656043,141271
LogisticRegression,0.7000000000000001,204994,21154,12226,7634,0.3843907351460222,0.26517993608447965,0.3138464068409801,143414
LogisticRegression,0.7100000000000001,206533,19615,12561,7299,0.3675226586102719,0.271197146466523,0.3120964638474366,145225
LogisticRegression,0.72,208046,18102,12892,6968,0.3508559919436052,0.27794176306342244,0.31017137769864234,147022
LogisticRegression,0.73,209452,16696,13235,6625,0.3335850956696878,0.28407872732730155,0.30684791922373267,149046
LogisticRegression,0.74,210829,15319,13577,6283,0.3163645518630413,0.29085269882418296,0.3030726930683517,151089
LogisticRegression,0.75,212128,14020,13941,5919,0.29803625377643506,0.29685540899744217,0.2974446594135531,153430
LogisticRegression,0.76,213432,12716,14321,5539,0.2789023162134945,0.3034237195288962,0.29064672701036337,155926
LogisticRegression,0.77,214697,11451,14684,5176,0.2606243705941591,0.31130089613279605,0.28371748842053335,158291
LogisticRegression,0.78,215864,10284,15029,4831,0.2432527693856999,0.3196162752232881,0.2762544674767691,160574
LogisticRegression,0.79,216983,9165,15377,4483,0.22573011077542798,0.3284730363423212,0.26757789184672315,162935
LogisticRegression,0.8,218045,8103,15748,4112,0.20704934541792547,0.3366352844862874,0.2563990646921278,165583
LogisticRegression,0.81,218988,7160,16078,3782,0.1904330312185297,0.3456406507037105,0.24556846957989742,167940
LogisticRegression,0.8200000000000001,219879,6269,16431,3429,0.17265861027190332,0.3535780573314085,0.23201840449286149,170579
LogisticRegression,0.8300000000000001,220716,5432,16730,3130,0.15760322255790535,0.36556879233823875,0.22025191752867496,172732
LogisticRegression,0.8400000000000001,221492,4656,17040,2820,0.1419939577039275,0.37720706260032105,0.20632133450395082,175056
LogisticRegression,0.85,222191,3957,17335,2525,0.1271399798590131,0.38954026535020053,0.19170905777845265,177307
LogisticRegression,0.86,222857,3291,17634,2226,0.11208459214501511,0.40348015225666123,0.1754344485163731,179631
LogisticRegression,0.87,223417,2731,17944,1916,0.09647532729103726,0.41230901656983,0.15636348798302527,182171
LogisticRegression,0.88,223970,2178,18232,1628,0.08197381671701913,0.4277456647398844,0.1375813403194456,184498
LogisticRegression,0.89,224439,1709,18494,1366,0.06878147029204432,0.44422764227642275,0.11911925005450186,186649
LogisticRegression,0.9,224826,1322,18744,1116,0.056193353474320244,0.45775225594749797,0.10009866355726971,188762
LogisticRegression,0.91,225166,982,19001,859,0.0432527693856999,0.4665942422596415,0.07916685867010737,190992
LogisticRegression,0.92,225446,702,19199,661,0.033282980866062434,0.48495964783565665,0.06229091080431607,192692
LogisticRegression,0.93,225658,490,19381,479,0.024118831822759316,0.49432404540763675,0.045993566661865666,194300
LogisticRegression,0.9400000000000001,225835,313,19534,326,0.016414904330312185,0.5101721439749609,0.03180642958193083,195653
LogisticRegression,0.9500000000000001,225970,178,19642,218,0.010976837865055388,0.5505050505050505,0.021524486571879938,196598
LogisticRegression,0.9600000000000001,226046,102,19746,114,0.005740181268882176,0.5277777777777778,0.011356843992827256,197562
LogisticRegression,0.97,226100,48,19810,50,0.0025176233635448137,0.5102040816326531,0.005010522096402445,198148
LogisticRegression,0.98,226122,26,19839,21,0.0010574018126888218,0.44680851063829785,0.0021098106193801177,198416
LogisticRegression,0.99,226131,17,19854,6,0.00030211480362537764,0.2608695652173913,0.0006035306543278177,198557
XGBoost,0.01,5489,220659,51,19809,0.9974320241691843,0.0823768651130296,0.15218493592698443,221169
XGBoost,0.02,28582,197566,353,19507,0.9822255790533736,0.08986377854454493,0.1646625839372312,201096
XGBoost,0.03,55347,170801,867,18993,0.956344410876133,0.10007165663824989,0.18118423688553523,179471
XGBoost,0.04,79321,146827,1548,18312,0.9220543806646526,0.11088840310284064,0.19796863766831171,162307
XGBoost,0.05,99801,126347,2334,17526,0.8824773413897281,0.12181576807323126,0.2140802403913689,149687
XGBoost,0.060000000000000005,117040,109108,3176,16684,0.8400805639476334,0.13263164589163062,0.22909400488836404,140868
XGBoost,0.06999999999999999,131740,94408,3996,15864,0.7987915407854985,0.1438624492164829,0.2438139735038269,134368
XGBoost,0.08,144090,82058,4876,14984,0.7544813695871098,0.15440737000474022,0.25635147388410806,130818
XGBoost,0.09,154703,71445,5675,14185,0.7142497482376636,0.1656545603176457,0.26893544411792586,128195
XGBoost,0.09999999999999999,163628,62520,6478,13382,0.6738167170191339,0.17630628968933626,0.2794845554604123,127300
XGBoost,0.11,171352,54796,7229,12631,0.6360020140986908,0.18732851824936597,0.2894130855682977,127086
XGBoost,0.12,178071,48077,7968,11892,0.5987915407854985,0.19830245626907236,0.29793683999549037,127757
XGBoost,0.13,183685,42463,8704,11156,0.5617321248741188,0.20806057554225182,0.3036513833884511,129503
XGBoost,0.14,188750,37398,9405,10455,0.5264350453172205,0.21848159989969282,0.3088033317088299,131448
XGBoost,0.15000000000000002,193007,33141,10085,9775,0.4921953675730111,0.22777052847422874,0.3114247483114566,133991
XGBoost,0.16,196808,29340,10701,9159,0.46117824773413896,0.2379022831761864,0.3138847478538015,136350
XGBoost,0.17,200318,25830,11320,8540,0.4300100704934542,0.2484725050916497,0.31495482205421355,139030
XGBoost,0.18000000000000002,203276,22872,11916,7944,0.4,0.25778816199376947,0.3135211934643618,142032
XGBoost,0.19,205841,20307,12408,7452,0.37522658610271903,0.268453474548795,0.312984312984313,144387
XGBoost,0.2,208151,17997,12959,6901,0.3474823766364552,0.2771708570969556,0.3083694535055186,147587
XGBoost,0.21000000000000002,210254,15894,13455,6405,0.32250755287009064,0.2872326113278622,0.30384971180530845,150444
XGBoost,0.22,211979,14169,13910,5950,0.29959718026183285,0.295740344947562,0.2976562695415093,153269
XGBoost,0.23,213546,12602,14325,5535,0.27870090634441086,0.3051772619507085,0.29133878990446616,155852
XGBoost,0.24000000000000002,214883,11265,14702,5158,0.259718026183283,0.3140717286732022,0.28432048066587656,158285
XGBoost,0.25,216220,9928,15071,4789,0.24113796576032226,0.3254059930692397,0.27700494548399224,160638
XGBoost,0.26,217288,8860,15417,4443,0.22371601208459216,0.3339848154551605,0.26794922051684106,163030
XGBoost,0.27,218320,7828,15742,4118,0.20735146022155085,0.344717897204085,0.25894485317235744,165248
XGBoost,0.28,219222,6926,16048,3812,0.1919436052366566,0.35500093127211774,0.2491666121968756,167406
XGBoost,0.29000000000000004,219967,6181,16357,3503,0.17638469284994965,0.3617306897976043,0.23713782832385594,169751
XGBoost,0.3,220664,5484,16635,3225,0.1623867069486405,0.37030657940062006,0.2257691903811824,171834
XGBoost,0.31,221330,4818,16900,2960,0.14904330312185296,0.3805605554127025,0.21419784354873725,173818
XGBoost,0.32,221914,4234,17127,2733,0.13761329305135953,0.3922778814410794,0.20374995340515153,175504
XGBoost,0.33,222427,3721,17350,2510,0.12638469284994966,0.40282458674370086,0.19240351078916101,177221
XGBoost,0.34,222886,3262,17582,2278,0.11470292044310171,0.4111913357400722,0.17937007874015748,179082
XGBoost,0.35000000000000003,223261,2887,17761,2099,0.10568982880161128,0.4209787404733253,0.16896079851887627,180497
XGBoost,0.36000000000000004,223602,2546,17935,1925,0.09692849949647532,0.43055244911652873,0.1582343512391599,181896
XGBoost,0.37,223916,2232,18105,1755,0.08836858006042296,0.4401805869074492,0.1471883255755441,183282
XGBoost,0.38,224198,1950,18262,1598,0.08046324269889224,0.4503945885005637,0.13653451811346548,184570
XGBoost,0.39,224420,1728,18410,1450,0.07301107754279959,0.4562617998741347,0.12587898255056862,185828
XGBoost,0.4,224627,1521,18551,1309,0.06591137965760323,0.4625441696113074,0.11538122520934332,187031
XGBoost,0.41000000000000003,224826,1322,18690,1170,0.05891238670694864,0.4695024077046549,0.10468861846814603,188222
XGBoost,0.42000000000000004,224973,1175,18797,1063,0.05352467270896274,0.4749776586237712,0.09620780161100552,189145
XGBoost,0.43,225146,1002,18908,952,0.04793554884189325,0.4872057318321392,0.08728339598423031,190082
XGBoost,0.44,225281,867,19002,858,0.043202416918429,0.4973913043478261,0.07949965253648367,190887
XGBoost,0.45,225392,756,19090,770,0.03877139979859013,0.5045871559633027,0.07200972598896474,191656
XGBoost,0.46,225493,655,19184,676,0.03403826787512588,0.5078888054094666,0.06380067009579539,192495
XGBoost,0.47000000000000003,225579,569,19240,620,0.03121852970795569,0.5214465937762826,0.05891016200294551,192969
XGBoost,0.48000000000000004,225658,490,19304,556,0.027995971802618327,0.5315487571701721,0.05319047163493734,193530
XGBoost,0.49,225730,418,19361,499,0.025125881168177242,0.5441657579062159,0.04803388362131203,194028
XGBoost,0.5,225787,361,19413,447,0.022507552870090635,0.5532178217821783,0.04325527385329979,194491
XGBoost,0.51,225823,325,19462,398,0.02004028197381672,0.5504840940525588,0.0386726910557256,194945
XGBoost,0.52,225868,280,19508,352,0.01772406847935549,0.5569620253164557,0.034354870193246144,195360
XGBoost,0.53,225910,238,19549,311,0.01565961732124874,0.5664845173041895,0.030476750453231418,195728
XGBoost,0.54,225938,210,19580,280,0.014098690835850957,0.5714285714285714,0.027518427518427518,196010
XGBoost,0.55,225974,174,19611,249,0.012537764350453172,0.5886524822695035,0.024552580979145096,196284
XGBoost,0.56,226005,143,19646,214,0.010775427995971802,0.5994397759103641,0.0211703022209032,196603
XGBoost,0.5700000000000001,226033,115,19665,195,0.009818731117824773,0.6290322580645161,0.019335647000495785,196765
XGBoost,0.5800000000000001,226055,93,19691,169,0.00850956696878147,0.6450381679389313,0.0167975350362787,197003
XGBoost,0.59,226077,71,19712,148,0.0074521651560926485,0.6757990867579908,0.014741770008466557,197191
XGBoost,0.6,226093,55,19733,127,0.0063947633434038266,0.6978021978021978,0.012673385889631773,197385
XGBoost,0.61,226100,48,19750,110,0.0055387713997985906,0.6962025316455697,0.01099010890198821,197548
XGBoost,0.62,226107,41,19768,92,0.004632426988922457,0.6917293233082706,0.009203221127394589,197721
XGBoost,0.63,226111,37,19787,73,0.003675730110775428,0.6636363636363637,0.0073109664496745115,197907
XGBoost,0.64,226117,31,19798,62,0.003121852970795569,0.6666666666666666,0.006214604320152358,198011
XGBoost,0.65,226121,27,19810,50,0.0025176233635448137,0.6493506493506493,0.005015799769273211,198127
XGBoost,0.66,226123,25,19819,41,0.0020644511581067474,0.6212121212121212,0.00411522633744856,198215
XGBoost,0.67,226126,22,19825,35,0.0017623363544813696,0.6140350877192983,0.0035145855299492895,198272
XGBoost,0.68,226128,20,19829,31,0.0015609264853977845,0.6078431372549019,0.0031138566621465523,198310
XGBoost,0.6900000000000001,226131,17,19835,25,0.0012588116817724068,0.5952380952380952,0.0025123103205707967,198367
XGBoost,0.7000000000000001,226134,14,19840,20,0.0010070493454179255,0.5882352941176471,0.0020106564793405048,198414
XGBoost,0.7100000000000001,226138,10,19843,17,0.0008559919436052367,0.6296296296296297,0.0017096595766078343,198440
XGBoost,0.72,226138,10,19847,13,0.0006545820745216516,0.5652173913043478,0.001307649751043605,198480
XGBoost,0.73,226142,6,19850,10,0.0005035246727089627,0.625,0.001006238679814852,198506
XGBoost,0.74,226144,4,19851,9,0.00045317220543806646,0.6923076923076923,0.0009057515221657526,198514
XGBoost,0.75,226144,4,19851,9,0.00045317220543806646,0.6923076923076923,0.0009057515221657526,198514
XGBoost,0.76,226148,0,19854,6,0.00030211480362537764,1.0,0.0006040471156750226,198540
XGBoost,0.77,226148,0,19856,4,0.0002014098690835851,1.0,0.0004027386226339106,198560
XGBoost,0.78,226148,0,19857,3,0.00015105740181268882,1.0,0.00030206917384080956,198570
XGBoost,0.79,226148,0,19857,3,0.00015105740181268882,1.0,0.00030206917384080956,198570
XGBoost,0.8,226148,0,19858,2,0.00010070493454179255,1.0,0.0002013895881582922,198580
XGBoost,0.81,226148,0,19858,2,0.00010070493454179255,1.0,0.0002013895881582922,198580
XGBoost,0.8200000000000001,226148,0,19859,1,5.0352467270896274e-05,1.0,0.00010069986405518353,198590
XGBoost,0.8300000000000001,226148,0,19859,1,5.0352467270896274e-05,1.0,0.00010069986405518353,198590
XGBoost,0.8400000000000001,226148,0,19860,0,0.0,0.0,0.0,198600
XGBoost,0.85,226148,0,19860,0,0.0,0.0,0.0,198600
XGBoost,0.86,226148,0,19860,0,0.0,0.0,0.0,198600
XGBoost,0.87,226148,0,19860,0,0.0,0.0,0.0,198600
XGBoost,0.88,226148,0,19860,0,0.0,0.0,0.0,198600
XGBoost,0.89,226148,0,19860,0,0.0,0.0,0.0,198600
XGBoost,0.9,226148,0,19860,0,0.0,0.0,0.0,198600
XGBoost,0.91,226148,0,19860,0,0.0,0.0,0.0,198600
XGBoost,0.92,226148,0,19860,0,0.0,0.0,0.0,198600
XGBoost,0.93,226148,0,19860,0,0.0,0.0,0.0,198600
XGBoost,0.9400000000000001,226148,0,19860,0,0.0,0.0,0.0,198600
XGBoost,0.9500000000000001,226148,0,19860,0,0.0,0.0,0.0,198600
XGBoost,0.9600000000000001,226148,0,19860,0,0.0,0.0,0.0,198600
XGBoost,0.97,226148,0,19860,0,0.0,0.0,0.0,198600
XGBoost,0.98,226148,0,19860,0,0.0,0.0,0.0,198600
XGBoost,0.99,226148,0,19860,0,0.0,0.0,0.0,198600
